41.644608,-87.613055	
41.644608,-87.613055	
41.644608,-87.613055	
41.644608,-87.613055	
41.644636,-87.591995	
41.64543 ,-87.540029
41.647039,-87.614404	
41.647039,-87.616098	
41.64704 ,-87.614455
41.647637,-87.560532	
41.647922,-87.613395	
41.647923,-87.614445	
41.647924,-87.614149	
41.648201,-87.542618	
41.648929,-87.615996	
41.649165,-87.546800	
41.649235,-87.546890	
41.649502,-87.538658	
41.649598,-87.536242	
41.649713,-87.538659	
41.649713,-87.538659	
41.650019,-87.538103	
41.65105 ,-87.537457
41.651167,-87.535026	
41.651217,-87.537455	
41.651229,-87.545926	
41.651387,-87.535027	
41.651396,-87.545927	
41.651396,-87.547160	
41.651431,-87.527258	
41.651431,-87.527258	
41.651431,-87.527258	
41.651431,-87.527258	
41.651431,-87.527258	
41.651431,-87.527258	
41.651458,-87.602214	
41.651822,-87.616473	
41.651822,-87.616473	
41.651832,-87.614479	
41.651832,-87.614479	
41.651838,-87.613275	
41.652216,-87.618905	
41.652269,-87.617233	
41.652279,-87.607572	
41.652394,-87.610103	
41.652566,-87.618719	
41.652577,-87.610888	
41.652678,-87.544726	
41.652791,-87.608613	
41.652803,-87.603520	
41.652812,-87.547154	
41.652819,-87.603450	
41.652894,-87.538668	
41.652906,-87.547153	
41.652938,-87.607576	
41.652946,-87.608773	
41.653018,-87.547152	
41.653018,-87.547152	
41.653018,-87.547152	
41.653084,-87.551944	
41.653151,-87.610852	
41.653205,-87.547153	
41.653205,-87.547153	
41.65325 ,-87.604828
41.653298,-87.608911	
41.65333 ,-87.601508
41.65333 ,-87.601508
41.653426,-87.604874	
41.653649,-87.614590	
41.653675,-87.545321	
41.653713,-87.602097	
41.653735,-87.595301	
41.653736,-87.595360	
41.653736,-87.595419	
41.653746,-87.599938	
41.653746,-87.599938	
41.653746,-87.599938	
41.65379 ,-87.599176
41.653793,-87.597822	
41.653793,-87.602118	
41.653839,-87.602128	
41.653949,-87.602156	
41.653949,-87.602156	
41.654059,-87.616529	
41.654104,-87.611460	
41.65414 ,-87.605887
41.654165,-87.606801	
41.654184,-87.617255	
41.654327,-87.607557	
41.654354,-87.604029	
41.654369,-87.603831	
41.654371,-87.603802	
41.654384,-87.603630	
41.654384,-87.607556	
41.654389,-87.603575	
41.654402,-87.553641	
41.654448,-87.606802	
41.654456,-87.539889	
41.654494,-87.605897	
41.654569,-87.608531	
41.654579,-87.538680	
41.654588,-87.606804	
41.654621,-87.547147	
41.654702,-87.596743	
41.654703,-87.605090	
41.654764,-87.608533	
41.654766,-87.544722	
41.654766,-87.544722	
41.654793,-87.538677	
41.654814,-87.594876	
41.654815,-87.615851	
41.654858,-87.594875	
41.65489 ,-87.553203
41.654919,-87.539890	
41.65495 ,-87.607557
41.654961,-87.608534	
41.655002,-87.542305	
41.655006,-87.613909	
41.655009,-87.614022	
41.655037,-87.602312	
41.655147,-87.602318	
41.655172,-87.602318	
41.655191,-87.613157	
41.655252,-87.605124	
41.655289,-87.613159	
41.655305,-87.611216	
41.655349,-87.605127	
41.655412,-87.605126	
41.655427,-87.602326	
41.655435,-87.596779	
41.655595,-87.596799	
41.655615,-87.613953	
41.655615,-87.613953	
41.655621,-87.617067	
41.655806,-87.604111	
41.655806,-87.604111	
41.655806,-87.604170	
41.655808,-87.603998	
41.655812,-87.603742	
41.655849,-87.595764	
41.655856,-87.595687	
41.655967,-87.598866	
41.656003,-87.538681	
41.656196,-87.539893	
41.656219,-87.596964	
41.656259,-87.607561	
41.656274,-87.610492	
41.656331,-87.605130	
41.656338,-87.614465	
41.656339,-87.613817	
41.656355,-87.608544	
41.656407,-87.539890	
41.656429,-87.547139	
41.656438,-87.605133	
41.656469,-87.614892	
41.656469,-87.614892	
41.656497,-87.602332	
41.656508,-87.607562	
41.656548,-87.605131	
41.656556,-87.608545	
41.656581,-87.605131	
41.656586,-87.543515	
41.656604,-87.607564	
41.656604,-87.614118	
41.65664 ,-87.602335
41.656673,-87.547136	
41.656674,-87.605130	
41.656679,-87.543514	
41.656699,-87.597335	
41.6567  ,-87.607563
41.656717,-87.543513	
41.656739,-87.614944	
41.656764,-87.547139	
41.656772,-87.543512	
41.656783,-87.547139	
41.656787,-87.597440	
41.656787,-87.597440	
41.656819,-87.614160	
41.65683 ,-87.617281
41.656851,-87.602332	
41.656851,-87.602332	
41.656851,-87.602332	
41.656874,-87.545904	
41.656877,-87.547138	
41.656938,-87.605134	
41.656972,-87.597687	
41.657199,-87.601750	
41.657212,-87.603031	
41.657212,-87.603045	
41.657245,-87.600322	
41.657247,-87.603780	
41.657252,-87.600180	
41.657278,-87.616087	
41.657278,-87.616087	
41.657284,-87.604380	
41.657299,-87.615933	
41.65732 ,-87.615779
41.657321,-87.606385	
41.657321,-87.606385	
41.657321,-87.606385	
41.657322,-87.606114	
41.657322,-87.606923	
41.657323,-87.606122	
41.657323,-87.606272	
41.657324,-87.599022	
41.657324,-87.606769	
41.657369,-87.591934	
41.657508,-87.613720	
41.657526,-87.613574	
41.657526,-87.613574	
41.657535,-87.600623	
41.65756 ,-87.613280
41.657668,-87.603406	
41.657883,-87.597603	
41.657883,-87.597603	
41.657895,-87.596055	
41.657895,-87.603404	
41.657906,-87.600337	
41.657942,-87.596113	
41.657967,-87.603406	
41.657983,-87.603406	
41.658031,-87.597587	
41.658105,-87.597583	
41.658115,-87.613852	
41.658115,-87.613852	
41.658138,-87.613673	
41.658138,-87.613673	
41.658144,-87.597579	
41.658182,-87.597574	
41.658183,-87.613321	
41.658198,-87.637093	
41.658219,-87.547132	
41.658243,-87.615886	
41.658243,-87.615886	
41.658243,-87.615886	
41.658255,-87.615139	
41.658256,-87.641253	
41.658282,-87.603406	
41.658301,-87.615149	
41.658301,-87.615149	
41.658311,-87.600618	
41.658337,-87.605100	
41.658339,-87.605356	
41.658356,-87.596844	
41.658375,-87.646441	
41.658375,-87.646441	
41.658453,-87.643995	
41.658463,-87.551978	
41.658469,-87.643022	
41.658471,-87.642901	
41.658474,-87.642850	
41.658494,-87.640760	
41.658627,-87.547131	
41.658685,-87.602879	
41.658691,-87.548363	
41.658724,-87.599138	
41.658778,-87.613183	
41.659016,-87.637680	
41.659079,-87.644929	
41.659114,-87.614328	
41.659137,-87.608875	
41.659185,-87.553986	
41.660113,-87.638916	
41.660149,-87.635315	
41.660205,-87.634100	
41.660304,-87.559194	
41.660338,-87.646189	
41.660494,-87.549549	
41.660546,-87.551982	
41.660555,-87.635805	
41.660742,-87.592327	
41.660782,-87.646558	
41.660987,-87.645535	
41.661965,-87.553198	
41.662094,-87.556842	
41.662178,-87.645046	
41.662324,-87.558058	
41.662362,-87.635006	
41.662371,-87.551982	
41.662726,-87.642632	
41.662827,-87.636615	
41.66283 ,-87.638360
41.663208,-87.626978	
41.663271,-87.634293	
41.663285,-87.633378	
41.663292,-87.638147	
41.663299,-87.632587	
41.663368,-87.618252	
41.663403,-87.625794	
41.663403,-87.625794	
41.663403,-87.625794	
41.663403,-87.625794	
41.66388 ,-87.553197
41.663923,-87.634890	
41.664278,-87.633777	
41.664282,-87.633565	
41.664295,-87.641455	
41.664295,-87.641455	
41.664295,-87.641455	
41.664295,-87.641455	
41.664414,-87.628217	
41.664417,-87.623228	
41.664458,-87.625069	
41.66448 ,-87.639053
41.664526,-87.618725	
41.664593,-87.639059	
41.66463 ,-87.640266
41.664667,-87.555018	
41.664679,-87.557272	
41.6647  ,-87.628228
41.664975,-87.627039	
41.664979,-87.620023	
41.664987,-87.620023	
41.665052,-87.625725	
41.665151,-87.635975	
41.665151,-87.636008	
41.665175,-87.634192	
41.665177,-87.634079	
41.665177,-87.634079	
41.665424,-87.621563	
41.665466,-87.558049	
41.665638,-87.618775	
41.665739,-87.617369	
41.665742,-87.636682	
41.665742,-87.636682	
41.665815,-87.558854	
41.666002,-87.637898	
41.666025,-87.640313	
41.666025,-87.640313	
41.666025,-87.640313	
41.666025,-87.640313	
41.666038,-87.637901	
41.666068,-87.635174	
41.666115,-87.539724	
41.666188,-87.559175	
41.666263,-87.630689	
41.666319,-87.639117	
41.666345,-87.621794	
41.666349,-87.621480	
41.666352,-87.620726	
41.666426,-87.629498	
41.666677,-87.622248	
41.66673 ,-87.636719
41.666886,-87.622257	
41.666922,-87.622260	
41.667022,-87.631032	
41.667147,-87.620124	
41.667471,-87.622280	
41.667691,-87.636793	
41.667793,-87.640371	
41.667843,-87.639170	
41.667917,-87.639173	
41.66801 ,-87.639176
41.668065,-87.639179	
41.668089,-87.640383	
41.668108,-87.640382	
41.668143,-87.627155	
41.668148,-87.635573	
41.668165,-87.630756	
41.668182,-87.640385	
41.668212,-87.625932	
41.668288,-87.639184	
41.668288,-87.639184	
41.668317,-87.624748	
41.668361,-87.633173	
41.668408,-87.628367	
41.668435,-87.625940	
41.668435,-87.625940	
41.668928,-87.621444	
41.668953,-87.619690	
41.669524,-87.544162	
41.669612,-87.640436	
41.669612,-87.640436	
41.669623,-87.634422	
41.669632,-87.640436	
41.669632,-87.640436	
41.669663,-87.639231	
41.669692,-87.636830	
41.669706,-87.640438	
41.669741,-87.640438	
41.669809,-87.634427	
41.669809,-87.634427	
41.669809,-87.634427	
41.669809,-87.634427	
41.669809,-87.634427	
41.669809,-87.634427	
41.669809,-87.634427	
41.669818,-87.640441	
41.669826,-87.620248	
41.669881,-87.634430	
41.669904,-87.635634	
41.669935,-87.627219	
41.669955,-87.627223	
41.669966,-87.640447	
41.669998,-87.639242	
41.670002,-87.640446	
41.670033,-87.624825	
41.670053,-87.639245	
41.670064,-87.641650	
41.670064,-87.641650	
41.670084,-87.641650	
41.670095,-87.640449	
41.670095,-87.640449	
41.670103,-87.627228	
41.670158,-87.634446	
41.670234,-87.539318	
41.67026 ,-87.622417
41.670279,-87.622421	
41.67031 ,-87.620268
41.670495,-87.544051	
41.670559,-87.639562	
41.670584,-87.637281	
41.670594,-87.636183	
41.670594,-87.636183	
41.67065 ,-87.630553
41.670746,-87.621610	
41.671182,-87.655089	
41.671294,-87.649005	
41.671364,-87.642910	
41.671364,-87.642910	
41.671368,-87.655094	
41.671385,-87.641694	
41.671388,-87.651438	
41.671408,-87.620311	
41.671422,-87.646573	
41.671422,-87.646573	
41.671426,-87.655097	
41.671493,-87.642916	
41.671499,-87.635687	
41.671515,-87.646576	
41.671535,-87.652666	
41.671535,-87.652666	
41.671535,-87.652666	
41.671556,-87.653881	
41.67161 ,-87.655103
41.671627,-87.647793	
41.671636,-87.629682	
41.671642,-87.642921	
41.671647,-87.646578	
41.671683,-87.639301	
41.671718,-87.644143	
41.671718,-87.644143	
41.671739,-87.649018	
41.671741,-87.652671	
41.671758,-87.638103	
41.671773,-87.644146	
41.671776,-87.650240	
41.671814,-87.647799	
41.671841,-87.640507	
41.671861,-87.633293	
41.671903,-87.641711	
41.671959,-87.630890	
41.671978,-87.634499	
41.672016,-87.630893	
41.672226,-87.650613	
41.672333,-87.643298	
41.672342,-87.642592	
41.672357,-87.620337	
41.672357,-87.620337	
41.672399,-87.637822	
41.672612,-87.618556	
41.672798,-87.641741	
41.672958,-87.655147	
41.673177,-87.641752	
41.673191,-87.661247	
41.6732  ,-87.622513
41.673208,-87.617674	
41.673367,-87.630934	
41.673425,-87.651511	
41.673426,-87.628536	
41.673426,-87.635750	
41.673442,-87.624926	
41.673471,-87.658824	
41.673478,-87.621829	
41.673482,-87.621606	
41.673498,-87.641763	
41.673498,-87.641763	
41.673548,-87.616796	
41.673548,-87.616796	
41.673548,-87.616796	
41.673548,-87.616796	
41.673549,-87.616847	
41.67355 ,-87.616642
41.673554,-87.616411	
41.673554,-87.616411	
41.673566,-87.632143	
41.673575,-87.630942	
41.673663,-87.627340	
41.673674,-87.622526	
41.673683,-87.640568	
41.673713,-87.626128	
41.673715,-87.634554	
41.673723,-87.638163	
41.67382 ,-87.630947
41.673938,-87.658032	
41.674087,-87.620395	
41.674117,-87.620395	
41.674341,-87.616721	
41.674359,-87.616611	
41.674381,-87.616501	
41.674394,-87.616449	
41.674402,-87.616424	
41.674432,-87.616321	
41.674792,-87.657646	
41.674847,-87.657649	
41.674852,-87.622564	
41.674873,-87.627381	
41.675017,-87.617731	
41.67504 ,-87.639411
41.675144,-87.632192	
41.675153,-87.635805	
41.675235,-87.632194	
41.675253,-87.601696	
41.675256,-87.600876	
41.67527 ,-87.626187
41.67527 ,-87.626187
41.67527 ,-87.626187
41.675289,-87.626187	
41.675298,-87.621882	
41.675305,-87.637011	
41.675315,-87.641824	
41.675324,-87.627395	
41.675334,-87.641824	
41.675336,-87.624986	
41.675341,-87.633401	
41.675366,-87.617335	
41.67538 ,-87.632200
41.675384,-87.627398	
41.675396,-87.637014	
41.675501,-87.635812	
41.675524,-87.641833	
41.67554 ,-87.628597
41.675549,-87.622586	
41.675549,-87.622586	
41.675588,-87.622586	
41.675606,-87.623790	
41.675635,-87.633409	
41.675652,-87.632205	
41.675728,-87.660492	
41.675742,-87.659551	
41.675745,-87.624996	
41.67575 ,-87.617752
41.676005,-87.620451	
41.676019,-87.639701	
41.67609 ,-87.632939
41.676191,-87.623428	
41.676211,-87.621828	
41.676211,-87.621828	
41.676244,-87.619566	
41.676735,-87.620472	
41.676846,-87.639469	
41.676852,-87.615401	
41.676865,-87.639469	
41.676988,-87.629840	
41.677005,-87.633453	
41.677031,-87.631040	
41.677031,-87.631040	
41.677048,-87.634660	
41.677048,-87.634660	
41.677086,-87.631043	
41.677086,-87.661374	
41.6771  ,-87.629842
41.677125,-87.621833	
41.677132,-87.628638	
41.677132,-87.628638	
41.677132,-87.632247	
41.677132,-87.632247	
41.677162,-87.619373	
41.677166,-87.619098	
41.677167,-87.632250	
41.677197,-87.640684	
41.677197,-87.640684	
41.677229,-87.626272	
41.677231,-87.638279	
41.677249,-87.626272	
41.677263,-87.637078	
41.677275,-87.623874	
41.677292,-87.631052	
41.67736 ,-87.641894
41.67736 ,-87.641894
41.67736 ,-87.641894
41.677361,-87.626274	
41.677367,-87.640689	
41.677373,-87.628646	
41.677419,-87.616581	
41.677425,-87.635879	
41.677435,-87.626277	
41.677437,-87.634671	
41.677438,-87.616580	
41.677452,-87.633466	
41.677464,-87.665496	
41.677464,-87.665496	
41.677486,-87.664130	
41.6775  ,-87.656553
41.677517,-87.627451	
41.677541,-87.625101	
41.677546,-87.615422	
41.677606,-87.656826	
41.677606,-87.656826	
41.677627,-87.655325	
41.677661,-87.616589	
41.677662,-87.652872	
41.677662,-87.652872	
41.677662,-87.652872	
41.677798,-87.643046	
41.6778  ,-87.642954
41.6778  ,-87.642954
41.6778  ,-87.642954
41.67781 ,-87.642303
41.67781 ,-87.642303
41.67782 ,-87.641607
41.677823,-87.641252	
41.677831,-87.620504	
41.677831,-87.620504	
41.677849,-87.638682	
41.677862,-87.637671	
41.677875,-87.636277	
41.677884,-87.635449	
41.677918,-87.632572	
41.677918,-87.632572	
41.677928,-87.631389	
41.677928,-87.631404	
41.677928,-87.631404	
41.677939,-87.630492	
41.677939,-87.630536	
41.677945,-87.630166	
41.677945,-87.630166	
41.677954,-87.628999	
41.678035,-87.680729	
41.678082,-87.619015	
41.678105,-87.617400	
41.678238,-87.680734	
41.678321,-87.671351	
41.678321,-87.671351	
41.678481,-87.640725	
41.67852 ,-87.662498
41.67852 ,-87.662498
41.67852 ,-87.662498
41.67852 ,-87.662498
41.67852 ,-87.662498
41.67852 ,-87.662498
41.67852 ,-87.662498
41.678543,-87.673084	
41.67856 ,-87.669870
41.678566,-87.620525	
41.678589,-87.660206	
41.678612,-87.540042	
41.678636,-87.673072	
41.678643,-87.622680	
41.67868 ,-87.645595
41.678689,-87.617840	
41.678694,-87.675034	
41.678698,-87.657770	
41.678714,-87.617840	
41.678798,-87.627489	
41.678822,-87.625142	
41.678853,-87.635915	
41.678853,-87.635915	
41.678922,-87.645600	
41.67895 ,-87.621839
41.678985,-87.619400	
41.679025,-87.628694	
41.679042,-87.639537	
41.679047,-87.633504	
41.679064,-87.625150	
41.679064,-87.625150	
41.679078,-87.632303	
41.679096,-87.640744	
41.679168,-87.616612	
41.679176,-87.633506	
41.679178,-87.629900	
41.67922 ,-87.674428
41.679231,-87.639542	
41.679233,-87.640746	
41.679244,-87.637129	
41.679254,-87.638337	
41.679254,-87.638337	
41.679304,-87.623932	
41.679304,-87.623932	
41.679348,-87.626329	
41.679363,-87.625158	
41.679413,-87.641960	
41.679413,-87.641960	
41.679425,-87.622705	
41.679444,-87.622704	
41.679479,-87.653406	
41.679521,-87.620558	
41.67956 ,-87.617864
41.679592,-87.617867	
41.679615,-87.643140	
41.679615,-87.643140	
41.679615,-87.643140	
41.679623,-87.622710	
41.679623,-87.622710	
41.67965 ,-87.620561
41.67965 ,-87.620561
41.679675,-87.641152	
41.679677,-87.641119	
41.679705,-87.635312	
41.679716,-87.633965	
41.679716,-87.633965	
41.679717,-87.634049	
41.679718,-87.633877	
41.679725,-87.633178	
41.679772,-87.629191	
41.679798,-87.626687	
41.679798,-87.626705	
41.679798,-87.626723	
41.679809,-87.625870	
41.679813,-87.625600	
41.679828,-87.624501	
41.679862,-87.621957	
41.679862,-87.621957	
41.680205,-87.660251	
41.680223,-87.679001	
41.680264,-87.661444	
41.680293,-87.654166	
41.680293,-87.654166	
41.680388,-87.641993	
41.680394,-87.638472	
41.680403,-87.656607	
41.680413,-87.617891	
41.680418,-87.662438	
41.680418,-87.662438	
41.680418,-87.662438	
41.680418,-87.662438	
41.68043 ,-87.637168
41.680443,-87.645650	
41.680479,-87.620592	
41.680482,-87.540100	
41.680482,-87.540100	
41.680504,-87.620591	
41.680558,-87.659047	
41.680594,-87.631144	
41.680598,-87.635965	
41.680602,-87.662443	
41.680631,-87.616651	
41.680631,-87.616651	
41.680644,-87.644443	
41.680665,-87.645658	
41.680685,-87.657834	
41.680693,-87.662446	
41.680709,-87.627548	
41.680715,-87.668643	
41.680717,-87.623979	
41.680724,-87.629946	
41.680733,-87.619516	
41.680736,-87.619458	
41.680745,-87.631150	
41.680758,-87.621727	
41.68076 ,-87.640913
41.680765,-87.640745	
41.680769,-87.623978	
41.680779,-87.629949	
41.680783,-87.627551	
41.680787,-87.638947	
41.680787,-87.639060	
41.680789,-87.638870	
41.680789,-87.638910	
41.680791,-87.625201	
41.680791,-87.625201	
41.680793,-87.656617	
41.68085 ,-87.626379
41.680914,-87.635977	
41.680917,-87.632360	
41.68092 ,-87.625207
41.680921,-87.633564	
41.68094 ,-87.535745
41.680947,-87.538348	
41.680948,-87.539724	
41.680951,-87.539651	
41.680951,-87.539651	
41.68096 ,-87.644454
41.680986,-87.631155	
41.681025,-87.627556	
41.681063,-87.627559	
41.681099,-87.622756	
41.681133,-87.629960	
41.681133,-87.629960	
41.681136,-87.669748	
41.681156,-87.627562	
41.681166,-87.626394	
41.681178,-87.625215	
41.681269,-87.642024	
41.681286,-87.638506	
41.681298,-87.680828	
41.681358,-87.620619	
41.681389,-87.615563	
41.681396,-87.622767	
41.681506,-87.684512	
41.68151 ,-87.636435
41.68151 ,-87.636468
41.681512,-87.636314	
41.681513,-87.670857	
41.681523,-87.635414	
41.681525,-87.635274	
41.681525,-87.635274	
41.681568,-87.631646	
41.681571,-87.679042	
41.681572,-87.619302	
41.681579,-87.630691	
41.681587,-87.670816	
41.681599,-87.637207	
41.6816  ,-87.629127
41.6816  ,-87.629142
41.681614,-87.627875	
41.681615,-87.626766	
41.681615,-87.628058	
41.681629,-87.625840	
41.681648,-87.621867	
41.681648,-87.621904	
41.681728,-87.677247	
41.681733,-87.642041	
41.681843,-87.641183	
41.681849,-87.640802	
41.681989,-87.644487	
41.681989,-87.662568	
41.681989,-87.662568	
41.681989,-87.662568	
41.682037,-87.645702	
41.682092,-87.627588	
41.68211 ,-87.620647
41.682123,-87.627588	
41.682142,-87.617941	
41.682153,-87.624025	
41.68217 ,-87.657877
41.682198,-87.620646	
41.682205,-87.622795	
41.682224,-87.624028	
41.682245,-87.680859	
41.682249,-87.649357	
41.682266,-87.620649	
41.68228 ,-87.622798
41.68228 ,-87.626422
41.682286,-87.662598	
41.682313,-87.708790	
41.682328,-87.653010	
41.682335,-87.620652	
41.682335,-87.620652	
41.682335,-87.620652	
41.682335,-87.620652	
41.682335,-87.620652	
41.682335,-87.620652	
41.682335,-87.620652	
41.682358,-87.646017	
41.682358,-87.646091	
41.682371,-87.645087	
41.68242 ,-87.651797
41.682431,-87.657885	
41.682434,-87.662611	
41.682466,-87.638544	
41.682466,-87.638544	
41.682466,-87.638544	
41.682492,-87.626939	
41.682494,-87.626804	
41.682523,-87.624515	
41.682597,-87.644777	
41.682624,-87.646937	
41.682624,-87.646937	
41.68264 ,-87.650587
41.682642,-87.630009	
41.682644,-87.631210	
41.682674,-87.684888	
41.68268 ,-87.651805
41.682741,-87.620666	
41.682865,-87.668768	
41.682884,-87.668757	
41.682915,-87.628820	
41.682928,-87.644950	
41.683006,-87.642082	
41.683031,-87.642086	
41.683054,-87.559086	
41.68316 ,-87.642088
41.683196,-87.642088	
41.683199,-87.622824	
41.683288,-87.642292	
41.683319,-87.612942	
41.68333 ,-87.636609
41.683343,-87.635562	
41.683349,-87.635145	
41.683349,-87.635236	
41.683349,-87.635236	
41.683362,-87.634164	
41.683362,-87.634164	
41.683362,-87.634197	
41.683364,-87.634043	
41.683391,-87.631733	
41.683391,-87.631733	
41.683402,-87.630839	
41.683471,-87.669746	
41.683547,-87.642102	
41.683589,-87.626462	
41.683607,-87.536459	
41.68361 ,-87.646546
41.683649,-87.679109	
41.683655,-87.622837	
41.683662,-87.625290	
41.683723,-87.672456	
41.683733,-87.535253	
41.68377 ,-87.638589
41.683771,-87.680905	
41.683819,-87.672444	
41.683866,-87.645426	
41.683917,-87.535255	
41.683936,-87.721847	
41.683938,-87.666831	
41.683938,-87.721756	
41.683939,-87.721792	
41.683939,-87.721792	
41.683939,-87.721792	
41.683947,-87.619561	
41.68397 ,-87.666812
41.683976,-87.615428	
41.683986,-87.614256	
41.683986,-87.614296	
41.684009,-87.657931	
41.68401 ,-87.641047
41.684016,-87.669433	
41.684045,-87.626476	
41.684045,-87.626476	
41.684046,-87.659149	
41.684058,-87.655499	
41.68406 ,-87.625304
41.68416 ,-87.662692
41.68416 ,-87.662692
41.68416 ,-87.662692
41.684232,-87.646071	
41.684232,-87.646071	
41.684233,-87.646125	
41.684258,-87.627659	
41.684347,-87.662697	
41.684349,-87.627662	
41.684385,-87.626487	
41.684402,-87.633662	
41.68443 ,-87.656729
41.68446 ,-87.636088
41.684471,-87.620734	
41.68448 ,-87.685416
41.684481,-87.630066	
41.684605,-87.637299	
41.684658,-87.612561	
41.684662,-87.611346	
41.684721,-87.612546	
41.684766,-87.631264	
41.684792,-87.628876	
41.684796,-87.662993	
41.68481 ,-87.642147
41.68481 ,-87.642147
41.68481 ,-87.642147
41.68481 ,-87.642147
41.68481 ,-87.642147
41.68482 ,-87.647009
41.68482 ,-87.647009
41.68484 ,-87.660137
41.684847,-87.659540	
41.684847,-87.659540	
41.68486 ,-87.658826
41.684871,-87.637303	
41.684871,-87.637303	
41.684878,-87.657307	
41.684928,-87.653586	
41.684928,-87.653623	
41.684947,-87.652180	
41.684962,-87.651086	
41.684992,-87.620780	
41.684992,-87.620780	
41.684992,-87.620780	
41.684997,-87.648654	
41.685006,-87.647878	
41.685069,-87.643184	
41.685069,-87.643184	
41.685069,-87.643184	
41.68507 ,-87.643030
41.68507 ,-87.643030
41.685074,-87.642774	
41.685105,-87.640145	
41.685118,-87.639043	
41.685184,-87.634162	
41.685184,-87.634162	
41.685224,-87.630797	
41.685228,-87.630614	
41.685237,-87.703025	
41.685251,-87.628542	
41.685251,-87.628542	
41.685264,-87.662728	
41.685287,-87.625832	
41.685303,-87.624361	
41.685328,-87.622281	
41.685332,-87.622043	
41.685332,-87.622043	
41.685389,-87.686029	
41.68539 ,-87.616393
41.685403,-87.615287	
41.685452,-87.664407	
41.685455,-87.610143	
41.685457,-87.609953	
41.685477,-87.607533	
41.685494,-87.658380	
41.685503,-87.536472	
41.685503,-87.671717	
41.685503,-87.680961	
41.685594,-87.650684	
41.685629,-87.711511	
41.68564 ,-87.534058
41.685652,-87.649468	
41.685703,-87.678876	
41.685703,-87.678876	
41.685712,-87.703046	
41.685742,-87.660442	
41.685742,-87.660442	
41.685764,-87.659077	
41.685785,-87.657476	
41.685813,-87.647039	
41.685851,-87.682221	
41.685855,-87.668583	
41.685911,-87.613671	
41.685927,-87.642179	
41.685964,-87.620828	
41.685989,-87.620827	
41.686003,-87.668501	
41.686059,-87.627717	
41.686133,-87.638553	
41.686161,-87.651919	
41.686213,-87.624277	
41.686217,-87.624021	
41.686222,-87.628919	
41.686236,-87.639763	
41.686252,-87.668359	
41.686253,-87.632518	
41.686253,-87.632518	
41.686258,-87.660031	
41.686262,-87.642190	
41.686262,-87.642190	
41.686262,-87.642190	
41.686264,-87.620012	
41.686276,-87.618972	
41.68629 ,-87.651921
41.68632 ,-87.651924
41.686341,-87.631316	
41.686341,-87.631316	
41.686351,-87.660037	
41.686371,-87.628921	
41.686401,-87.647058	
41.686416,-87.655577	
41.686423,-87.608287	
41.686441,-87.633735	
41.686449,-87.642196	
41.686449,-87.642196	
41.686457,-87.607079	
41.68646 ,-87.633735
41.68646 ,-87.633735
41.68646 ,-87.633735
41.686478,-87.639772	
41.686501,-87.668218	
41.686501,-87.668218	
41.686501,-87.668218	
41.686501,-87.668218	
41.686504,-87.648280	
41.686527,-87.615626	
41.686531,-87.613192	
41.686549,-87.632529	
41.686615,-87.615629	
41.686615,-87.615629	
41.686629,-87.620886	
41.686655,-87.613194	
41.686763,-87.620896	
41.686764,-87.607083	
41.686808,-87.613200	
41.686867,-87.620902	
41.68688 ,-87.622934
41.686888,-87.710397	
41.686902,-87.607088	
41.686908,-87.664128	
41.68695 ,-87.664263
41.686981,-87.710400	
41.687015,-87.689604	
41.687046,-87.630675	
41.687056,-87.622119	
41.687057,-87.629848	
41.687123,-87.624000	
41.687142,-87.653168	
41.687174,-87.654379	
41.687222,-87.647090	
41.687222,-87.666288	
41.687267,-87.677476	
41.687276,-87.654386	
41.687295,-87.648308	
41.687302,-87.653173	
41.68731 ,-87.671504
41.687327,-87.649519	
41.687346,-87.653173	
41.687346,-87.653173	
41.687366,-87.648307	
41.687391,-87.674707	
41.687482,-87.660446	
41.687499,-87.659161	
41.687526,-87.657231	
41.687663,-87.674726	
41.687695,-87.627761	
41.687782,-87.620980	
41.687798,-87.620980	
41.687802,-87.642236	
41.68781 ,-87.665953
41.687838,-87.634987	
41.687848,-87.665930	
41.68786 ,-87.637399
41.687906,-87.667416	
41.687912,-87.634989	
41.687965,-87.641033	
41.688002,-87.626506	
41.688003,-87.626571	
41.688006,-87.618136	
41.688008,-87.642245	
41.688008,-87.642245	
41.688026,-87.636196	
41.688031,-87.624016	
41.688033,-87.623931	
41.688083,-87.637404	
41.688092,-87.639824	
41.688124,-87.619497	
41.688136,-87.649544	
41.688136,-87.649544	
41.688138,-87.665766	
41.688145,-87.638615	
41.688184,-87.618142	
41.688193,-87.709238	
41.6882  ,-87.638618
41.6882  ,-87.638618
41.688218,-87.537358	
41.688218,-87.537358	
41.688218,-87.537358	
41.688218,-87.537358	
41.688218,-87.537358	
41.688218,-87.537358	
41.688218,-87.537358	
41.688218,-87.537358	
41.688218,-87.537358	
41.688218,-87.537358	
41.688218,-87.537358	
41.688218,-87.537358	
41.688218,-87.537358	
41.688218,-87.537358	
41.688218,-87.537358	
41.688218,-87.537358	
41.688218,-87.537358	
41.688223,-87.538467	
41.688269,-87.613246	
41.688289,-87.628985	
41.688318,-87.627784	
41.688318,-87.627784	
41.688361,-87.628988	
41.688365,-87.613248	
41.688381,-87.613248	
41.688429,-87.616898	
41.688486,-87.605910	
41.688486,-87.605910	
41.688496,-87.608326	
41.688516,-87.619511	
41.688548,-87.607117	
41.688586,-87.615684	
41.688633,-87.670125	
41.688666,-87.627794	
41.688692,-87.625707	
41.688694,-87.607123	
41.688744,-87.605914	
41.688756,-87.621002	
41.688756,-87.621002	
41.688756,-87.621002	
41.688889,-87.628275	
41.688889,-87.628275	
41.688909,-87.626638	
41.688944,-87.623870	
41.688965,-87.622438	
41.688966,-87.622479	
41.688967,-87.622270	
41.688968,-87.622354	
41.688987,-87.620637	
41.688993,-87.655660	
41.688998,-87.649571	
41.689018,-87.664516	
41.689022,-87.617854	
41.689029,-87.687212	
41.689044,-87.616503	
41.689048,-87.678791	
41.68911 ,-87.688448
41.689111,-87.612790	
41.689113,-87.612661	
41.689113,-87.612661	
41.689176,-87.538902	
41.689182,-87.698304	
41.689246,-87.699522	
41.68925 ,-87.538901
41.689289,-87.704402	
41.689312,-87.659050	
41.689349,-87.540101	
41.689364,-87.654799	
41.689388,-87.652877	
41.6894  ,-87.532869
41.689411,-87.625729	
41.689497,-87.632633	
41.689501,-87.627818	
41.689527,-87.602101	
41.68953 ,-87.643506
41.689544,-87.621012	
41.689555,-87.621011	
41.689564,-87.666476	
41.689698,-87.643512	
41.689793,-87.628946	
41.689795,-87.682833	
41.689795,-87.682833	
41.689795,-87.682833	
41.689796,-87.633852	
41.68982 ,-87.626625
41.68982 ,-87.626625
41.689822,-87.626478	
41.689826,-87.626306	
41.689826,-87.626306	
41.689841,-87.642298	
41.689859,-87.623981	
41.68986 ,-87.623761
41.689864,-87.654468	
41.689873,-87.622377	
41.689875,-87.622234	
41.689877,-87.622022	
41.689923,-87.649598	
41.689944,-87.633854	
41.689947,-87.660146	
41.689957,-87.637461	
41.689957,-87.637461	
41.689957,-87.637461	
41.689957,-87.637461	
41.689957,-87.637461	
41.689957,-87.637461	
41.689957,-87.637461	
41.689957,-87.637461	
41.689957,-87.637461	
41.689957,-87.637461	
41.690007,-87.618198	
41.690045,-87.619563	
41.690046,-87.608356	
41.690092,-87.633860	
41.690116,-87.635061	
41.690133,-87.654476	
41.690146,-87.613298	
41.69016 ,-87.607151
41.690195,-87.649610	
41.69021 ,-87.618207
41.69021 ,-87.618207
41.69021 ,-87.618207
41.69023 ,-87.669139
41.690259,-87.612085	
41.690359,-87.632671	
41.690368,-87.613306	
41.690368,-87.613306	
41.690368,-87.613306	
41.690373,-87.621024	
41.690381,-87.655466	
41.690381,-87.655492	
41.690381,-87.655517	
41.690384,-87.655144	
41.690384,-87.659226	
41.690391,-87.662924	
41.690413,-87.652657	
41.690438,-87.650724	
41.690439,-87.650523	
41.690547,-87.623047	
41.690551,-87.600900	
41.690568,-87.621026	
41.690664,-87.677379	
41.690679,-87.630716	
41.690699,-87.628951	
41.6907  ,-87.628680
41.690702,-87.628534	
41.690711,-87.698362	
41.690731,-87.626567	
41.690733,-87.626439	
41.690753,-87.699577	
41.690827,-87.699580	
41.690854,-87.702018	
41.690863,-87.682404	
41.690866,-87.534074	
41.690876,-87.672112	
41.690894,-87.703241	
41.690924,-87.700798	
41.690963,-87.700801	
41.690987,-87.607859	
41.691007,-87.605706	
41.69101 ,-87.683626
41.691053,-87.703246	
41.691056,-87.667710	
41.691127,-87.662455	
41.691133,-87.683628	
41.69116 ,-87.538900
41.691215,-87.538899	
41.691275,-87.630285	
41.691281,-87.621033	
41.691293,-87.655167	
41.691295,-87.655119	
41.691295,-87.655119	
41.691309,-87.621032	
41.691309,-87.621032	
41.691315,-87.653285	
41.691315,-87.717043	
41.691315,-87.717043	
41.691319,-87.716857	
41.691335,-87.715795	
41.691348,-87.650630	
41.691358,-87.621035	
41.691359,-87.658571	
41.691359,-87.658571	
41.691359,-87.658571	
41.691359,-87.658571	
41.691369,-87.681143	
41.691381,-87.642351	
41.691404,-87.612120	
41.691404,-87.612120	
41.69141 ,-87.639927
41.691414,-87.668826	
41.691414,-87.668826	
41.691424,-87.709895	
41.691432,-87.673853	
41.691507,-87.635108	
41.691531,-87.681149	
41.691531,-87.681149	
41.691535,-87.703011	
41.691539,-87.633907	
41.691548,-87.642357	
41.691555,-87.701711	
41.691584,-87.630963	
41.691584,-87.630995	
41.691586,-87.630834	
41.691599,-87.612125	
41.691605,-87.697716	
41.691614,-87.608390	
41.691618,-87.641144	
41.691618,-87.641144	
41.691618,-87.641144	
41.691618,-87.641144	
41.691635,-87.626810	
41.691636,-87.626576	
41.691637,-87.626616	
41.691654,-87.641148	
41.691654,-87.641148	
41.691662,-87.624422	
41.691665,-87.624144	
41.691668,-87.624067	
41.691669,-87.623899	
41.691672,-87.623815	
41.691676,-87.619608	
41.691676,-87.691802	
41.691689,-87.622233	
41.69169 ,-87.621973
41.691704,-87.689411	
41.691712,-87.688928	
41.691724,-87.687628	
41.691724,-87.687628	
41.691762,-87.684211	
41.691781,-87.681721	
41.691783,-87.681623	
41.691799,-87.633915	
41.691827,-87.609651	
41.691844,-87.636320	
41.691854,-87.538558	
41.69186 ,-87.539700
41.691876,-87.611712	
41.691881,-87.674621	
41.691888,-87.643584	
41.691888,-87.643584	
41.6919  ,-87.642368
41.691921,-87.672578	
41.691939,-87.623083	
41.691952,-87.627894	
41.691973,-87.636322	
41.691983,-87.654530	
41.691991,-87.635125	
41.692002,-87.633924	
41.692013,-87.652102	
41.692013,-87.652102	
41.692033,-87.621043	
41.692042,-87.665924	
41.692042,-87.665924	
41.692042,-87.665924	
41.692042,-87.665924	
41.692042,-87.665924	
41.692042,-87.665924	
41.692087,-87.605983	
41.692103,-87.605983	
41.692104,-87.618263	
41.692109,-87.662456	
41.692122,-87.661346	
41.692122,-87.661346	
41.692161,-87.659043	
41.692165,-87.657933	
41.692175,-87.619624	
41.692197,-87.618266	
41.692206,-87.621044	
41.692226,-87.653338	
41.692233,-87.652715	
41.692233,-87.652715	
41.692243,-87.613362	
41.692243,-87.613362	
41.69225 ,-87.650979
41.6923  ,-87.627905
41.6923  ,-87.627905
41.6923  ,-87.627905
41.692322,-87.645117	
41.692346,-87.621047	
41.692346,-87.621047	
41.692359,-87.623097	
41.692359,-87.623097	
41.692359,-87.623097	
41.692379,-87.621046	
41.692379,-87.621046	
41.692379,-87.621046	
41.692379,-87.621046	
41.692379,-87.621046	
41.692379,-87.621046	
41.692379,-87.621046	
41.692379,-87.621046	
41.692379,-87.621046	
41.692391,-87.661849	
41.692392,-87.639272	
41.692442,-87.635438	
41.692487,-87.631410	
41.692487,-87.631451	
41.692493,-87.598703	
41.692519,-87.628631	
41.692532,-87.612155	
41.692538,-87.626881	
41.69254 ,-87.626712
41.69254 ,-87.626734
41.692541,-87.626818	
41.692546,-87.626353	
41.692563,-87.700863	
41.69257 ,-87.624398
41.69257 ,-87.624398
41.69257 ,-87.624398
41.69257 ,-87.624398
41.69257 ,-87.624398
41.69257 ,-87.624398
41.69257 ,-87.624398
41.69257 ,-87.624398
41.69257 ,-87.624398
41.692573,-87.624065	
41.692577,-87.623841	
41.692587,-87.622735	
41.692587,-87.622735	
41.692587,-87.622735	
41.692587,-87.622735	
41.692587,-87.622805	
41.692587,-87.622805	
41.692587,-87.622805	
41.6926  ,-87.621791
41.692602,-87.621608	
41.692605,-87.620696	
41.69264 ,-87.618967
41.692669,-87.616997	
41.692669,-87.616997	
41.692683,-87.597910	
41.692743,-87.541319	
41.692746,-87.612551	
41.692746,-87.612551	
41.6928  ,-87.607637
41.692816,-87.605887	
41.692834,-87.604319	
41.692834,-87.604319	
41.692834,-87.604319	
41.692834,-87.604319	
41.692834,-87.604319	
41.692834,-87.604319	
41.692834,-87.604319	
41.692834,-87.604319	
41.692834,-87.604319	
41.692834,-87.604319	
41.692834,-87.604319	
41.692834,-87.604319	
41.692834,-87.604319	
41.692834,-87.604319	
41.692834,-87.604319	
41.692834,-87.604319	
41.692834,-87.604319	
41.692834,-87.604319	
41.692834,-87.604319	
41.692834,-87.604319	
41.692834,-87.604319	
41.692834,-87.604319	
41.692834,-87.604319	
41.692836,-87.604250	
41.692838,-87.604125	
41.692862,-87.700871	
41.692894,-87.661865	
41.692894,-87.670459	
41.692923,-87.647263	
41.692957,-87.680066	
41.692982,-87.644835	
41.693022,-87.627915	
41.693022,-87.627915	
41.69305 ,-87.613386
41.693062,-87.658821	
41.693072,-87.623118	
41.693074,-87.622108	
41.693083,-87.657667	
41.693083,-87.657667	
41.693084,-87.657411	
41.693084,-87.657795	
41.693088,-87.673130	
41.693089,-87.613386	
41.693107,-87.627918	
41.693127,-87.635160	
41.693136,-87.653218	
41.693142,-87.652797	
41.69321 ,-87.613084
41.693245,-87.638773	
41.693256,-87.623123	
41.693259,-87.642408	
41.69332 ,-87.669176
41.693379,-87.669322	
41.693397,-87.631250	
41.6934  ,-87.630965
41.693403,-87.630851	
41.693421,-87.620983	
41.693421,-87.620983	
41.693424,-87.629042	
41.693451,-87.626713	
41.693453,-87.626603	
41.693455,-87.626512	
41.693468,-87.618262	
41.693471,-87.620968	
41.693485,-87.624154	
41.693487,-87.623981	
41.693487,-87.624003	
41.693489,-87.623853	
41.6935  ,-87.642413
41.6935  ,-87.642413
41.693501,-87.637565	
41.693535,-87.636371	
41.693582,-87.598504	
41.693594,-87.684482	
41.693646,-87.635176	
41.693655,-87.612182	
41.693671,-87.623137	
41.693694,-87.639994	
41.693718,-87.612185	
41.693761,-87.618270	
41.69381 ,-87.635182
41.693841,-87.613407	
41.693847,-87.612188	
41.69388 ,-87.612187
41.69388 ,-87.612187
41.69388 ,-87.612187
41.69388 ,-87.612187
41.693891,-87.720439	
41.693909,-87.618276	
41.693909,-87.618276	
41.693909,-87.618276	
41.69392 ,-87.669467
41.693925,-87.663652	
41.693961,-87.621658	
41.693961,-87.621658	
41.693961,-87.621658	
41.693961,-87.621658	
41.693961,-87.621658	
41.693961,-87.621699	
41.693961,-87.621699	
41.693965,-87.621413	
41.693976,-87.612190	
41.693986,-87.619509	
41.69399 ,-87.657819
41.69399 ,-87.657863
41.693993,-87.663604	
41.694003,-87.618278	
41.694003,-87.618278	
41.694003,-87.618278	
41.694007,-87.596313	
41.694022,-87.655354	
41.694033,-87.677565	
41.694049,-87.653091	
41.694091,-87.630349	
41.69412 ,-87.627940
41.694166,-87.705863	
41.694168,-87.612195	
41.694217,-87.663444	
41.694241,-87.636949	
41.694286,-87.623152	
41.694286,-87.623152	
41.694306,-87.631464	
41.694312,-87.631090	
41.694333,-87.629164	
41.694334,-87.629212	
41.694339,-87.628670	
41.694368,-87.626344	
41.6944  ,-87.666481
41.694444,-87.619013	
41.694444,-87.619013	
41.694477,-87.525806	
41.694492,-87.685440	
41.694513,-87.663240	
41.694558,-87.613121	
41.694558,-87.613121	
41.694567,-87.674033	
41.694653,-87.536491	
41.694675,-87.537696	
41.694691,-87.646102	
41.694733,-87.537699	
41.694735,-87.525806	
41.69475 ,-87.687400
41.694775,-87.681252	
41.694836,-87.681255	
41.694897,-87.669977	
41.694903,-87.657667	
41.694924,-87.655781	
41.694924,-87.655803	
41.694938,-87.525804	
41.694966,-87.605105	
41.69501 ,-87.623174
41.695043,-87.618307	
41.695058,-87.681260	
41.695133,-87.642465	
41.695197,-87.634028	
41.695219,-87.631329	
41.695222,-87.641256	
41.695227,-87.642468	
41.695249,-87.628964	
41.695275,-87.626587	
41.69528 ,-87.626367
41.69528 ,-87.626367
41.695303,-87.624328	
41.695304,-87.624155	
41.695306,-87.624049	
41.695322,-87.674121	
41.695335,-87.621998	
41.695398,-87.612229	
41.6954  ,-87.685416
41.695419,-87.638841	
41.695444,-87.613448	
41.695447,-87.622001	
41.695448,-87.530026	
41.695453,-87.677821	
41.695507,-87.674892	
41.695521,-87.544115	
41.695527,-87.637628	
41.695539,-87.660937	
41.695545,-87.623190	
41.695589,-87.619557	
41.695601,-87.637630	
41.695601,-87.637630	
41.69562 ,-87.612237
41.695627,-87.627978	
41.69563 ,-87.635239
41.695636,-87.623193	
41.695648,-87.611018	
41.695675,-87.612237	
41.695749,-87.612239	
41.695757,-87.623195	
41.695785,-87.622008	
41.695795,-87.619562	
41.695823,-87.612242	
41.695837,-87.655595	
41.69584 ,-87.665947
41.695862,-87.653347	
41.695864,-87.653222	
41.695864,-87.665899	
41.695908,-87.595823	
41.695908,-87.595823	
41.695908,-87.595823	
41.695908,-87.595823	
41.695908,-87.595823	
41.695908,-87.595823	
41.695908,-87.595823	
41.695908,-87.595823	
41.695908,-87.595823	
41.695908,-87.595823	
41.695908,-87.595823	
41.695908,-87.595823	
41.695908,-87.595823	
41.695908,-87.595823	
41.695908,-87.595823	
41.695908,-87.595823	
41.695908,-87.595823	
41.695908,-87.595823	
41.695908,-87.595823	
41.695908,-87.595823	
41.695908,-87.595823	
41.695908,-87.595823	
41.695908,-87.595823	
41.695908,-87.595823	
41.695908,-87.595823	
41.695908,-87.595823	
41.695908,-87.595823	
41.695908,-87.595823	
41.695924,-87.648531	
41.695936,-87.612245	
41.695943,-87.627986	
41.695965,-87.623200	
41.695971,-87.623200	
41.695982,-87.596653	
41.695982,-87.596653	
41.695982,-87.596653	
41.695982,-87.596653	
41.695982,-87.596653	
41.695982,-87.596653	
41.695982,-87.596653	
41.695982,-87.596653	
41.695982,-87.596653	
41.695982,-87.596653	
41.695982,-87.596653	
41.695982,-87.596653	
41.695982,-87.596653	
41.695982,-87.596653	
41.695982,-87.596653	
41.695982,-87.596653	
41.695982,-87.596653	
41.695982,-87.596653	
41.695982,-87.596653	
41.695982,-87.596653	
41.695982,-87.596653	
41.695982,-87.596653	
41.696001,-87.623203	
41.696001,-87.623203	
41.69601 ,-87.681291
41.696129,-87.631510	
41.696158,-87.629111	
41.696162,-87.628815	
41.696187,-87.626661	
41.696187,-87.626661	
41.696214,-87.624354	
41.696216,-87.624182	
41.696249,-87.621538	
41.696275,-87.651266	
41.696326,-87.616759	
41.696329,-87.705941	
41.696339,-87.663525	
41.696348,-87.530458	
41.696358,-87.652239	
41.69638 ,-87.613027
41.696394,-87.611859	
41.696486,-87.540079	
41.696492,-87.707155	
41.696533,-87.686390	
41.696675,-87.662324	
41.696745,-87.655926	
41.696749,-87.655710	
41.696751,-87.655516	
41.696774,-87.653528	
41.69678 ,-87.653081
41.69678 ,-87.653106
41.696793,-87.527007	
41.696825,-87.649159	
41.696843,-87.628009	
41.696843,-87.642520	
41.696844,-87.644951	
41.696855,-87.543784	
41.696855,-87.543784	
41.696874,-87.543784	
41.696982,-87.640098	
41.697032,-87.701961	
41.697035,-87.638889	
41.697037,-87.659882	
41.697042,-87.631335	
41.697044,-87.631291	
41.697046,-87.631115	
41.697046,-87.631115	
41.697048,-87.630962	
41.697048,-87.630962	
41.69705 ,-87.673990
41.697059,-87.654693	
41.697071,-87.628915	
41.69709 ,-87.697076
41.697094,-87.634085	
41.697106,-87.681323	
41.697147,-87.622048	
41.697158,-87.636482	
41.697194,-87.619602	
41.697199,-87.609858	
41.69722 ,-87.617144
41.69727 ,-87.654698
41.697278,-87.634090	
41.697278,-87.634090	
41.697294,-87.617144	
41.697295,-87.622050	
41.697343,-87.619607	
41.697349,-87.617147	
41.697349,-87.617147	
41.697349,-87.617147	
41.697351,-87.614715	
41.697361,-87.611053	
41.69737 ,-87.614715
41.697372,-87.622053	
41.697372,-87.622053	
41.69738 ,-87.611057
41.69738 ,-87.611057
41.697416,-87.611056	
41.697429,-87.634096	
41.697431,-87.594971	
41.697442,-87.613502	
41.697454,-87.611056	
41.697497,-87.613502	
41.697509,-87.611059	
41.697517,-87.615936	
41.697521,-87.628027	
41.697568,-87.619612	
41.697568,-87.619612	
41.697603,-87.619615	
41.697628,-87.614723	
41.697642,-87.619615	
41.697661,-87.655371	
41.697684,-87.617157	
41.697712,-87.717608	
41.697736,-87.630445	
41.697736,-87.630445	
41.697738,-87.613510	
41.697765,-87.628035	
41.697785,-87.666831	
41.697794,-87.625640	
41.697957,-87.631139	
41.697957,-87.631139	
41.697959,-87.630985	
41.697959,-87.630985	
41.697959,-87.630985	
41.697976,-87.629333	
41.69798 ,-87.629011
41.698001,-87.627143	
41.698002,-87.627282	
41.698031,-87.624891	
41.69804 ,-87.624155
41.698051,-87.667747	
41.698072,-87.621738	
41.698074,-87.621544	
41.698074,-87.657106	
41.698097,-87.701054	
41.698097,-87.709622	
41.698135,-87.532867	
41.698146,-87.616794	
41.698146,-87.616794	
41.698165,-87.615417	
41.69819 ,-87.532867
41.698226,-87.535283	
41.698386,-87.702278	
41.698404,-87.531656	
41.698481,-87.534075	
41.698551,-87.660759	
41.698567,-87.628056	
41.698575,-87.538907	
41.69858 ,-87.628056
41.698613,-87.668968	
41.698622,-87.717318	
41.698635,-87.681374	
41.698646,-87.534077	
41.698651,-87.535281	
41.69866 ,-87.714853
41.698679,-87.540085	
41.698698,-87.681377	
41.698726,-87.655840	
41.698761,-87.681376	
41.698767,-87.707737	
41.69879 ,-87.635337
41.698801,-87.560754	
41.698811,-87.636534	
41.698863,-87.631249	
41.698864,-87.631268	
41.698867,-87.631000	
41.698867,-87.631000	
41.698889,-87.629158	
41.698889,-87.629158	
41.69889 ,-87.629283
41.698897,-87.628668	
41.698906,-87.625672	
41.699007,-87.622101	
41.699021,-87.617194	
41.699044,-87.685888	
41.699056,-87.626872	
41.699056,-87.626872	
41.699059,-87.617193	
41.699059,-87.617193	
41.699078,-87.720657	
41.699103,-87.677360	
41.699108,-87.612323	
41.699135,-87.619661	
41.699145,-87.611103	
41.699155,-87.634146	
41.699165,-87.628071	
41.699193,-87.623293	
41.699225,-87.615983	
41.699255,-87.607337	
41.699255,-87.607337	
41.699262,-87.618433	
41.699283,-87.668064	
41.699285,-87.634152	
41.699306,-87.623299	
41.699337,-87.617201	
41.699337,-87.665189	
41.699339,-87.665065	
41.699341,-87.619666	
41.699346,-87.609885	
41.699349,-87.607340	
41.699377,-87.646250	
41.699404,-87.605622	
41.699404,-87.624491	
41.699407,-87.613553	
41.699416,-87.623301	
41.699424,-87.612334	
41.699426,-87.607343	
41.699481,-87.656344	
41.699551,-87.651118	
41.699557,-87.607345	
41.699565,-87.649756	
41.699585,-87.628081	
41.699616,-87.608296	
41.699628,-87.644266	
41.699659,-87.709666	
41.699691,-87.638249	
41.699706,-87.637085	
41.699707,-87.636894	
41.699716,-87.636125	
41.699793,-87.629852	
41.699803,-87.629137	
41.69982 ,-87.627445
41.699824,-87.627226	
41.699824,-87.627277	
41.699824,-87.627277	
41.69983 ,-87.606229
41.699839,-87.626090	
41.699851,-87.624995	
41.699853,-87.624871	
41.699865,-87.623659	
41.699875,-87.623018	
41.699887,-87.701121	
41.699917,-87.620062	
41.699928,-87.535280	
41.699928,-87.535280	
41.699933,-87.619154	
41.699952,-87.536492	
41.699965,-87.616810	
41.699966,-87.681415	
41.699967,-87.616667	
41.69998 ,-87.541343
41.699985,-87.615528	
41.699994,-87.701123	
41.699999,-87.614305	
